date,location,time,type
2024-06-11,Orivesi,20:18:00,Rakennuspalo
2024-06-11,Kuopio,20:10:42,Rakennuspalo
2024-06-11,Pori,19:40:59,Tieliikenneonnettomuus
2024-06-11,Kruunupyy,19:35:16,Rakennuspalo
2024-06-11,Koski Tl,17:15:45,Rakennuspalo
2024-06-11,Kurikka,17:07:30,Rakennuspalo
2024-06-11,Turku,15:21:47,Vahingontorjunta
2024-06-11,Ulvila,15:19:32,Ihmisen pelastaminen
2024-06-11,Kouvola,14:31:09,Tulipalo
2024-06-11,Ii,13:57:46,Ihmisen pelastaminen vedestä
2024-06-11,Laukaa,13:46:41,Ihmisen pelastaminen vedestä
2024-06-11,Salo,12:02:51,Rakennuspalo
2024-06-10,Tuusula,19:24:01,Vahingontorjunta
2024-06-10,Vaasa,18:17:31,Rakennuspalo
2024-06-10,Loimaa,17:55:09,Liikennevälinepalo
2024-06-10,Janakkala,09:19:33,Vaarallisen aineen onnettomuus
2024-06-11,Kemijärvi,23:55:14,Maastopalo
2024-06-11,Oulu,23:49:28,Palohälytys
2024-06-11,Kauhajoki,23:07:17,Palohälytys
2024-06-11,Leppävirta,22:16:50,Rakennuspalo
2024-06-11,Leppävirta,22:16:50,Tulipalo
2024-06-11,Helsinki,22:14:22,Palohälytys
2024-06-11,Lohja,21:59:46,Tulipalo
2024-06-11,Lappeenranta,21:55:57,Öljy- tai ympäristöonnettomuus maalla
2024-06-11,Salo,21:55:32,Rakennuspalo
2024-06-11,Lumijoki,21:54:22,Savuhavainto
2024-06-11,Kouvola,21:47:41,Palohälytys
2024-06-11,Hämeenlinna,21:40:13,Palohälytys
2024-06-11,Lahti,21:39:05,Savuhavainto
2024-06-11,Helsinki,21:32:19,Eläimen pelastaminen
2024-06-11,Asikkala,21:28:58,Eläimen pelastaminen
2024-06-11,Lohja,21:21:04,Palohälytys
2024-06-11,Turku,20:53:11,Rakennuspalo
2024-06-11,Tampere,20:30:17,Liikennevälinepalo
2024-06-11,Tampere,20:27:17,Eläimen pelastaminen
2024-06-11,Orimattila,20:22:05,Tieliikenneonnettomuus
2024-06-11,Orivesi,20:18:00,Rakennuspalo
2024-06-11,Suonenjoki,20:11:09,Maastopalo
2024-06-11,Kuopio,20:10:42,Rakennuspalo
2024-06-11,Helsinki,20:01:56,Rakennuspalo
2024-06-11,Suonenjoki,20:00:09,Ihmisen pelastaminen puristuksista
2024-06-11,Rauma,19:55:30,Palohälytys
2024-06-11,Hämeenlinna,19:49:06,Tieliikenneonnettomuus
2024-06-11,Helsinki,19:46:11,Eläimen pelastaminen
2024-06-11,Pori,19:40:59,Tieliikenneonnettomuus
2024-06-11,Espoo,19:37:39,Rakennuspalo
2024-06-11,Espoo,19:36:55,Palohälytys
2024-06-11,Kruunupyy,19:35:16,Rakennuspalo
2024-06-11,Helsinki,19:34:23,Palohälytys
2024-06-11,Imatra,19:30:27,Ihmisen pelastaminen vedestä
2024-06-11,Vantaa,19:29:43,Rakennuspalo
2024-06-11,Nurmes,19:23:19,Palohälytys
2024-06-11,Vihti,19:21:17,Tieliikenneonnettomuus
2024-06-11,Kuortane,19:20:28,Maastopalo
2024-06-11,Isokyrö,19:13:11,Rakennuspalo
2024-06-11,Imatra,18:43:15,Palohälytys
2024-06-11,Hämeenkyrö,18:38:21,Palohälytys
2024-06-11,Vantaa,18:34:02,Palohälytys
2024-06-11,Keminmaa,18:29:12,Öljy- tai ympäristöonnettomuus maalla
2024-06-11,Oulu,18:28:21,Palohälytys
2024-06-11,Kauhajoki,18:23:37,Palohälytys
2024-06-11,Seinäjoki,18:15:39,Tieliikenneonnettomuus
2024-06-11,Pöytyä,18:09:27,Maastopalo
2024-06-11,Siuntio,17:56:39,Öljy- tai ympäristöonnettomuus maalla
2024-06-11,Hyvinkää,17:45:18,Palohälytys
2024-06-11,Närpiö,17:41:01,Palohälytys
2024-06-11,Padasjoki,17:39:46,Maastopalo
2024-06-11,Kerava,17:35:54,Tieliikenneonnettomuus
2024-06-11,Espoo,17:35:32,Palohälytys
2024-06-11,Koski Tl,17:15:45,Rakennuspalo
2024-06-11,Vihti,17:14:53,Palohälytys
2024-06-11,Pori,17:14:13,Maastopalo
2024-06-11,Espoo,17:09:34,Palohälytys
2024-06-11,Kurikka,17:07:30,Rakennuspalo
2024-06-11,Järvenpää,17:06:36,Eläimen pelastaminen
2024-06-11,Kauhajoki,16:52:14,Tieliikenneonnettomuus
2024-06-11,Eurajoki,16:46:37,Öljy- tai ympäristöonnettomuus maalla
2024-06-11,Oulu,16:38:23,Palohälytys
2024-06-11,Turku,16:27:08,Rakennuspalo
2024-06-11,Kerava,16:25:15,Öljy- tai ympäristöonnettomuus maalla
2024-06-11,Sodankylä,16:19:40,Palohälytys
2024-06-11,Kuopio,16:05:51,Ihmisen pelastaminen vedestä
2024-06-11,Helsinki,12:42:00,Ensitiedote liikenneonnettomuudesta.
2024-06-11,Vantaa,15:39:51,Rakennuspalo
2024-06-11,Lohja,15:35:33,Rakennuspalo
2024-06-11,Helsinki,15:28:21,Öljy- tai ympäristöonnettomuus maalla
2024-06-11,Vantaa,15:24:22,Öljy- tai ympäristöonnettomuus maalla
2024-06-11,Lapua,15:22:44,Palohälytys
2024-06-11,Turku,15:21:47,Vahingontorjunta
2024-06-11,Turku,15:21:47,Vahingontorjunta
2024-06-11,Ulvila,15:19:32,Ihmisen pelastaminen
2024-06-11,Helsinki,12:12:00,Liikennetiedote onnettomuudesta. Tilanne ohi.
2024-06-11,Helsinki,15:09:58,Tieliikenneonnettomuus
2024-06-11,Hollola,15:09:22,Öljy- tai ympäristöonnettomuus maalla
2024-06-11,Helsinki,15:08:45,Palohälytys
2024-06-11,Laukaa,14:55:55,Eläimen pelastaminen
2024-06-11,Vantaa,14:55:51,Tieliikenneonnettomuus
2024-06-11,Vantaa,14:55:45,Tieliikenneonnettomuus
2024-06-11,Kirkkonummi,14:48:41,Vahingontorjunta
2024-06-11,Kouvola,14:46:25,Palohälytys
2024-06-11,Kotka,14:45:09,Palohälytys
2024-06-11,Jämsä,14:33:32,Liikennevälinepalo
2024-06-11,Helsinki,14:33:30,Rakennuspalo
2024-06-11,Helsinki,14:33:30,Rakennuspalo
2024-06-11,Kouvola,14:31:09,Tulipalo
2024-06-11,Joensuu,14:30:17,Eläimen pelastaminen
2024-06-11,Helsinki,14:28:10,Öljy- tai ympäristöonnettomuus maalla
2024-06-11,Iisalmi,14:18:08,Rakennuspalo
2024-06-11,Jyväskylä,14:14:44,Eläimen pelastaminen
2024-06-11,Turku,14:04:38,Palohälytys
2024-06-11,Helsinki,14:00:35,Eläimen pelastaminen
2024-06-11,Ylöjärvi,13:59:54,Vahingontorjunta
2024-06-11,Ii,13:57:46,Ihmisen pelastaminen vedestä
2024-06-11,Keminmaa,13:54:34,Vahingontorjunta
2024-06-11,Laukaa,13:46:41,Ihmisen pelastaminen vedestä
2024-06-11,Vantaa,13:38:28,Tieliikenneonnettomuus
2024-06-11,Oulu,13:38:18,Vahingontorjunta
2024-06-11,Joensuu,13:34:04,Palohälytys
2024-06-11,Turku,13:30:44,Palohälytys
2024-06-11,Nurmijärvi,13:24:36,Öljy- tai ympäristöonnettomuus vesistössä
2024-06-11,Lahti,13:23:00,Rakennuspalo
2024-06-11,Tampere,13:21:18,Palohälytys
2024-06-11,Salo,13:16:06,Rakennuspalo
2024-06-11,Kouvola,13:14:09,Palohälytys
2024-06-11,Kotka,13:11:29,Eläimen pelastaminen
2024-06-11,Savonlinna,13:11:02,Palohälytys
2024-06-11,Leppävirta,12:58:09,Eläimen pelastaminen
2024-06-11,Vihti,12:57:34,Palohälytys
2024-06-11,Koski Tl,12:46:43,Tieliikenneonnettomuus
2024-06-11,Helsinki,12:44:38,Rakennuspalo
2024-06-11,Lapinlahti,12:42:17,Palohälytys
2024-06-11,Hämeenlinna,09:36:00,Liikennetiedote onnettomuudesta. Tilanne ohi.
2024-06-11,Parkano,12:28:15,Eläimen pelastaminen
2024-06-11,Helsinki,12:19:58,Tieliikenneonnettomuus
2024-06-11,Soini,12:18:56,Vahingontorjunta
2024-06-11,Hämeenlinna,12:14:37,Tieliikenneonnettomuus
2024-06-11,Kotka,12:12:05,Palohälytys
2024-06-11,Sysmä,12:03:38,Vahingontorjunta
2024-06-11,Salo,12:02:51,Rakennuspalo
2024-06-11,Salo,12:02:51,Rakennuspalo
2024-06-11,Turku,11:53:14,Rakennuspalo
2024-06-11,Vaasa,11:46:48,Rakennuspalo
2024-06-11,Luumäki,11:28:58,Öljy- tai ympäristöonnettomuus maalla
2024-06-11,Vieremä,11:26:22,Palohälytys
2024-06-11,Lahti,11:19:47,Palohälytys
2024-06-11,Lohja,11:13:39,Tieliikenneonnettomuus
2024-06-11,Joensuu,11:10:40,Öljy- tai ympäristöonnettomuus maalla
2024-06-11,Aura,11:08:36,Öljy- tai ympäristöonnettomuus maalla
2024-06-11,Muurame,11:05:47,Vahingontorjunta
2024-06-11,Sulkava,10:56:20,Eläimen pelastaminen
2024-06-11,Sonkajärvi,07:47:00,Liikennetiedote onnettomuudesta. Tilanne ohi.
2024-06-11,Turku,10:44:57,Ihmisen pelastaminen
2024-06-11,Kuopio,10:36:53,Palohälytys
2024-06-11,Forssa,07:34:00,Ensitiedote liikenneonnettomuudesta.
2024-06-11,Kuopio,10:32:03,Vahingontorjunta
2024-06-11,Forssa,10:31:59,Tieliikenneonnettomuus
2024-06-11,Vantaa,10:30:54,Öljy- tai ympäristöonnettomuus maalla
2024-06-11,Sonkajärvi,10:28:16,Tieliikenneonnettomuus
2024-06-11,Sonkajärvi,10:28:16,Tieliikenneonnettomuus
2024-06-11,Lempäälä,10:25:52,Liikennevälinepalo
2024-06-11,Akaa,10:20:45,Öljy- tai ympäristöonnettomuus maalla
2024-06-11,Tampere,10:11:26,Rakennuspalo
2024-06-11,Seinäjoki,09:58:53,Palohälytys
2024-06-11,Espoo,09:39:14,Palohälytys
2024-06-11,Tampere,09:37:33,Tulipalo
2024-06-11,Pöytyä,09:36:50,Savuhavainto
2024-06-11,Nurmes,09:15:35,Tulipalo
2024-06-11,Akaa,09:03:40,Öljy- tai ympäristöonnettomuus maalla
2024-06-11,Hämeenlinna,08:41:55,Eläimen pelastaminen
2024-06-11,Kouvola,08:26:31,Palohälytys
2024-06-11,Lapua,08:12:16,Palohälytys
2024-06-11,Mikkeli,08:02:52,Palohälytys
2024-06-11,Espoo,07:58:22,Palohälytys
2024-06-11,Helsinki,07:53:39,Eläimen pelastaminen
2024-06-11,Tampere,07:49:10,Tieliikenneonnettomuus
2024-06-11,Keminmaa,07:47:39,Vahingontorjunta
2024-06-11,Tampere,07:46:07,Tieliikenneonnettomuus
2024-06-11,Harjavalta,07:23:33,Palohälytys
2024-06-11,Helsinki,03:58:00,Liikennetiedote onnettomuudesta. Tilanne ohi.
2024-06-11,Helsinki,06:51:13,Tieliikenneonnettomuus
2024-06-11,Nokia,06:13:25,Vahingontorjunta
2024-06-11,Kotka,06:02:27,Rakennuspalo
2024-06-11,Kuopio,05:38:44,Rakennuspalo
2024-06-11,Kouvola,02:06:00,Ensitiedote liikenneonnettomuudesta.
2024-06-11,Kouvola,05:04:34,Tieliikenneonnettomuus
2024-06-11,Oulu,05:02:46,Palohälytys
2024-06-11,Riihimäki,04:09:30,Palohälytys
2024-06-11,Helsinki,03:55:38,Ihmisen pelastaminen ylhäältä tai alhaalta
2024-06-11,Forssa,03:19:06,Rakennuspalo
2024-06-11,Helsinki,03:18:19,Rakennuspalo
2024-06-11,Helsinki,03:18:19,Rakennuspalo
2024-06-11,Mustasaari,03:09:25,Tieliikenneonnettomuus
2024-06-11,Nokia,02:50:51,Rakennuspalo
2024-06-11,Nokia,02:50:51,Rakennuspalo
2024-06-11,Kajaani,02:39:53,Palohälytys
2024-06-11,Raasepori,02:10:00,Eläimen pelastaminen
2024-06-11,Laukaa,01:50:31,Tieliikenneonnettomuus
2024-06-11,Kotka,01:44:27,Palohälytys
2024-06-11,Savonlinna,01:38:35,Palohälytys
2024-06-11,Helsinki,01:29:49,Tulipalo
2024-06-11,Vesilahti,01:24:07,Rakennuspalo
2024-06-11,Varkaus,01:11:35,Rakennuspalo
2024-06-11,Mikkeli,01:08:10,Rakennuspalo
2024-06-11,Espoo,00:38:46,Palohälytys
2024-06-11,Helsinki,00:36:58,Rakennuspalo
2024-06-11,Laitila,00:30:57,Tieliikenneonnettomuus
2024-06-11,Helsinki,00:22:20,Vahingontorjunta
2024-06-10,Huittinen,23:59:27,Savuhavainto
2024-06-10,Lohja,23:39:19,Rakennuspalo
2024-06-10,Vantaa,23:37:21,Öljy- tai ympäristöonnettomuus maalla
2024-06-10,Siuntio,23:35:52,Tieliikenneonnettomuus
2024-06-10,Lappeenranta,23:26:49,Liikennevälinepalo
2024-06-10,Helsinki,23:09:45,Rakennuspalo
2024-06-10,Kauhava,23:00:45,Tieliikenneonnettomuus
2024-06-10,Ylivieska,22:57:37,Tulipalo
2024-06-10,Helsinki,22:20:23,Vahingontorjunta
2024-06-10,Helsinki,22:19:40,Palohälytys
2024-06-10,Turku,22:12:35,Vahingontorjunta
2024-06-10,Helsinki,21:57:00,Rakennuspalo
2024-06-10,Tampere,21:43:34,Palohälytys
2024-06-10,Ikaalinen,21:43:30,Vahingontorjunta
2024-06-10,Vaasa,21:39:20,Liikennevälinepalo
2024-06-10,Kemi,21:29:12,Liikennevälinepalo
2024-06-10,Turku,21:17:45,Palohälytys
2024-06-10,Laitila,21:09:12,Palohälytys
2024-06-10,Nurmes,21:05:40,Maastopalo
2024-06-10,Oulu,21:04:45,Tieliikenneonnettomuus
2024-06-10,Tampere,21:01:11,Rakennuspalo
2024-06-10,Kotka,20:55:44,Rakennuspalo
2024-06-10,Kaarina,20:52:06,Liikennevälinepalo
2024-06-10,Naantali,20:50:17,Palohälytys
2024-06-10,Karkkila,20:48:22,Vahingontorjunta
2024-06-10,Pieksämäki,20:40:15,Rakennuspalo
2024-06-10,Helsinki,20:34:18,Palohälytys
2024-06-10,Seinäjoki,20:25:36,Öljy- tai ympäristöonnettomuus maalla
2024-06-10,Lappeenranta,20:13:32,Vahingontorjunta
2024-06-10,Raasepori,20:13:31,Vahingontorjunta
2024-06-10,Paimio,20:12:30,Palohälytys
2024-06-10,Järvenpää,20:09:44,Tieliikenneonnettomuus
2024-06-10,Jämsä,20:03:28,Liikennevälinepalo
2024-06-10,Hollola,19:54:49,Vahingontorjunta
2024-06-10,Lahti,19:54:45,Tulipalo
2024-06-10,Helsinki,19:54:24,Eläimen pelastaminen
2024-06-10,Turku,19:53:49,Palohälytys
2024-06-10,Pyhäjoki,19:35:23,Palohälytys
2024-06-10,Kuusamo,19:33:50,Palohälytys
2024-06-10,Nurmijärvi,19:30:12,Öljy- tai ympäristöonnettomuus maalla
2024-06-10,Vantaa,19:28:51,Palohälytys
2024-06-10,Tuusula,19:24:01,Vahingontorjunta
2024-06-10,Pori,19:21:52,Palohälytys
2024-06-10,Uusikaupunki,19:21:22,Tulipalo
2024-06-10,Riihimäki,19:20:47,Palohälytys
2024-06-10,Pälkäne,19:16:26,Maastopalo
2024-06-10,Nurmijärvi,19:06:48,Tieliikenneonnettomuus
2024-06-10,Liminka,19:00:09,Tieliikenneonnettomuus
2024-06-10,Lieksa,18:59:05,Tulipalo
2024-06-10,Tampere,18:58:05,Vahingontorjunta
2024-06-10,Parainen,18:39:23,Vahingontorjunta
2024-06-10,Ylivieska,18:35:18,Savuhavainto
2024-06-10,Riihimäki,18:33:37,Rakennuspalo
2024-06-10,Akaa,18:27:56,Vahingontorjunta
2024-06-10,Säkylä,18:24:42,Vahingontorjunta
2024-06-10,Valkeakoski,18:18:08,Savuhavainto
2024-06-10,Vaasa,18:17:31,Rakennuspalo
2024-06-10,Vaasa,18:17:31,Rakennuspalo
2024-06-10,Vantaa,18:08:57,Eläimen pelastaminen
2024-06-10,Lohja,18:08:34,Vahingontorjunta
2024-06-10,Loimaa,17:55:09,Liikennevälinepalo
2024-06-10,Ylivieska,17:54:35,Ihmisen pelastaminen ylhäältä tai alhaalta
2024-06-10,Savonlinna,17:53:34,Palohälytys
2024-06-10,Kempele,17:47:38,Öljy- tai ympäristöonnettomuus maalla
2024-06-10,Turku,17:47:27,Vahingontorjunta
2024-06-10,Vaasa,17:39:28,Palohälytys
2024-06-10,Vaasa,17:39:21,Palohälytys
2024-06-10,Lohja,17:37:11,Palohälytys
2024-06-10,Vantaa,17:33:18,Vahingontorjunta
2024-06-10,Helsinki,17:31:27,Rakennuspalo
2024-06-10,Kotka,17:24:20,Palohälytys
2024-06-10,Eura,17:18:22,Vahingontorjunta
2024-06-10,Tohmajärvi,17:13:53,Palohälytys
2024-06-10,Keminmaa,17:12:12,Maastopalo
2024-06-10,Vihti,17:11:01,Liikennevälinepalo
2024-06-10,Joensuu,17:10:37,Tieliikenneonnettomuus
2024-06-10,Kuopio,17:07:53,Rakennuspalo
2024-06-10,Kuopio,17:07:53,Rakennuspalo
2024-06-10,Kurikka,17:05:36,Tieliikenneonnettomuus
2024-06-10,Oulainen,17:00:29,Maastopalo
2024-06-10,Kotka,16:56:11,Palohälytys
2024-06-10,Joensuu,16:53:15,Vahingontorjunta
2024-06-10,Tampere,16:49:55,Vahingontorjunta
2024-06-10,Helsinki,16:40:24,Vahingontorjunta
2024-06-10,Juva,16:35:56,Palohälytys
2024-06-10,Virrat,16:32:44,Vahingontorjunta
2024-06-10,Helsinki,16:31:02,Ihmisen pelastaminen vedestä
2024-06-10,Savonlinna,16:29:18,Tieliikenneonnettomuus
2024-06-10,Pieksämäki,16:26:57,Rakennuspalo
2024-06-10,Rauma,16:19:47,Vahingontorjunta
2024-06-10,Nurmijärvi,16:15:07,Eläimen pelastaminen
2024-06-10,Mikkeli,16:04:44,Liikennevälinepalo
2024-06-10,Seinäjoki,15:55:52,Palohälytys
2024-06-10,Sauvo,15:53:43,Vahingontorjunta
2024-06-10,Jyväskylä,15:51:17,Eläimen pelastaminen
2024-06-10,Helsinki,15:45:43,Tieliikenneonnettomuus
2024-06-10,Salo,15:41:58,Rakennuspalo
2024-06-10,Espoo,15:40:12,Palohälytys
2024-06-10,Ypäjä,15:39:38,Vahingontorjunta
2024-06-10,Ulvila,15:38:43,Rakennuspalo
2024-06-10,Ulvila,15:38:43,Rakennuspalo
2024-06-10,Lieto,15:35:18,Vahingontorjunta
2024-06-10,Lahti,15:33:48,Palohälytys
2024-06-10,Hämeenlinna,15:31:38,Vahingontorjunta
2024-06-10,Espoo,15:28:45,Öljy- tai ympäristöonnettomuus maalla
2024-06-10,Nokia,15:27:56,Vahingontorjunta
2024-06-10,Turku,15:20:46,Tieliikenneonnettomuus
2024-06-10,Viitasaari,15:17:25,Tieliikenneonnettomuus
2024-06-10,Jyväskylä,15:09:27,Öljy- tai ympäristöonnettomuus maalla
2024-06-10,Aura,15:08:39,Vahingontorjunta
2024-06-10,Vaasa,15:07:54,Rakennuspalo
2024-06-10,Veteli,15:07:09,Vahingontorjunta
2024-06-10,Hyvinkää,15:03:58,Savuhavainto
2024-06-10,Kuopio,15:03:34,Tieliikenneonnettomuus
2024-06-10,Espoo,14:58:27,Tieliikenneonnettomuus
2024-06-10,Heinola,14:55:46,Vahingontorjunta
2024-06-10,Lahti,14:55:33,Vahingontorjunta
2024-06-10,Liperi,14:51:47,Tieliikenneonnettomuus
2024-06-10,Lohja,14:49:32,Öljy- tai ympäristöonnettomuus maalla
2024-06-10,Pöytyä,14:48:36,Tieliikenneonnettomuus
2024-06-10,Espoo,14:34:33,Öljy- tai ympäristöonnettomuus maalla
2024-06-10,Laitila,14:31:40,Vahingontorjunta
2024-06-10,Turku,14:30:33,Vahingontorjunta
2024-06-10,Oulu,14:29:22,Palohälytys
2024-06-10,Hollola,14:25:07,Vahingontorjunta
2024-06-10,Espoo,14:22:30,Palohälytys
2024-06-10,Helsinki,14:19:32,Palohälytys
2024-06-10,Pälkäne,14:14:27,Tieliikenneonnettomuus
2024-06-10,Nurmijärvi,14:09:06,Palohälytys
2024-06-10,Kouvola,14:08:28,Eläimen pelastaminen
2024-06-10,Kuopio,14:08:16,Rakennuspalo
2024-06-10,Oulu,13:59:00,Palohälytys
2024-06-10,Savonlinna,13:55:40,Rakennuspalo
2024-06-10,Ähtäri,13:50:26,Vahingontorjunta
2024-06-10,Rovaniemi,13:47:12,Palohälytys
2024-06-10,Vantaa,13:43:08,Vahingontorjunta
2024-06-10,Pyhäjärvi,13:39:20,Palohälytys
2024-06-10,Kokemäki,13:34:51,Vahingontorjunta
2024-06-10,Lappeenranta,13:19:56,Palohälytys
2024-06-10,Helsinki,13:19:45,Liikennevälinepalo
2024-06-10,Tornio,13:17:55,Tulipalo
2024-06-10,Helsinki,13:17:15,Palohälytys
2024-06-10,Kuopio,13:09:07,Palohälytys
2024-06-10,Kemiönsaari,12:56:21,Tieliikenneonnettomuus
2024-06-10,Helsinki,12:50:30,Palohälytys
2024-06-10,Pori,12:47:39,Eläimen pelastaminen
2024-06-10,Hankasalmi,12:46:33,Tulipalo
2024-06-10,Rääkkylä,12:43:58,Vahingontorjunta
2024-06-10,Lappeenranta,12:42:50,Vahingontorjunta
2024-06-10,Espoo,12:40:18,Öljy- tai ympäristöonnettomuus maalla
2024-06-10,Kustavi,12:34:57,Vahingontorjunta
2024-06-10,Espoo,12:32:06,Rakennuspalo
2024-06-10,Kauhajoki,12:22:09,Palohälytys
2024-06-10,Helsinki,12:17:39,Rakennuspalo
2024-06-10,Laitila,12:07:04,Palohälytys
2024-06-10,Espoo,12:01:09,Ihmisen pelastaminen ylhäältä tai alhaalta
2024-06-10,Lahti,11:58:39,Vahingontorjunta
2024-06-10,Helsinki,11:58:12,Palohälytys
2024-06-10,Kuopio,11:56:22,Palohälytys
2024-06-10,Raasepori,11:52:06,Vahingontorjunta
2024-06-10,Riihimäki,11:44:52,Eläimen pelastaminen
2024-06-10,Oulu,11:34:39,Palohälytys
2024-06-10,Tampere,11:29:22,Vahingontorjunta
2024-06-10,Rovaniemi,11:29:14,Palohälytys
2024-06-10,Salo,11:25:54,Vahingontorjunta
2024-06-10,Kontiolahti,11:23:58,Vahingontorjunta
2024-06-10,Joensuu,11:20:37,Vahingontorjunta
2024-06-10,Oulu,11:19:48,Maastopalo
2024-06-10,Helsinki,11:15:26,Palohälytys
2024-06-10,Kirkkonummi,11:15:06,Rakennuspalo
2024-06-10,Lahti,11:13:22,Eläimen pelastaminen
2024-06-10,Lempäälä,11:11:34,Eläimen pelastaminen
2024-06-10,Kaavi,11:07:41,Vahingontorjunta
2024-06-10,Polvijärvi,11:05:08,Vahingontorjunta
2024-06-10,Vaasa,10:51:04,Rakennuspalo
2024-06-10,Helsinki,10:50:33,Eläimen pelastaminen
2024-06-10,Helsinki,10:50:31,Palohälytys
2024-06-10,Lahti,10:48:08,Öljy- tai ympäristöonnettomuus maalla
2024-06-10,Kuopio,10:47:26,Palohälytys
2024-06-10,Pirkkala,10:43:23,Palohälytys
2024-06-10,Turku,10:29:43,Palohälytys
2024-06-10,Luumäki,10:27:25,Vahingontorjunta
2024-06-10,Kauhajoki,10:21:54,Palohälytys
2024-06-10,Porvoo,10:19:04,Vahingontorjunta
2024-06-10,Kerava,10:13:54,Palohälytys
2024-06-10,Helsinki,10:13:47,Tieliikenneonnettomuus
2024-06-10,Helsinki,10:12:38,Maastopalo
2024-06-10,Oulu,10:11:29,Öljy- tai ympäristöonnettomuus maalla
2024-06-10,Ilomantsi,10:07:58,Palohälytys
2024-06-10,Järvenpää,10:00:32,Rakennuspalo
2024-06-10,Rovaniemi,10:00:07,Palohälytys
2024-06-10,Oulu,09:54:21,Palohälytys
2024-06-10,Espoo,09:51:13,Palohälytys
2024-06-10,Helsinki,09:47:08,Palohälytys
2024-06-10,Pielavesi,09:42:47,Maastopalo
2024-06-10,Helsinki,09:42:16,Eläimen pelastaminen
2024-06-10,Helsinki,09:38:20,Öljy- tai ympäristöonnettomuus maalla
2024-06-10,Parainen,09:35:13,Palohälytys
2024-06-10,Isokyrö,09:20:43,Palohälytys
2024-06-10,Espoo,09:20:31,Palohälytys
2024-06-10,Janakkala,09:19:33,Vaarallisen aineen onnettomuus
2024-06-10,Järvenpää,09:10:32,Vahingontorjunta
2024-06-10,Jyväskylä,09:09:43,Palohälytys
2024-06-10,Tampere,09:02:00,Palohälytys
2024-06-10,Rauma,08:59:26,Rakennuspalo
2024-06-10,Helsinki,08:57:39,Palohälytys
2024-06-10,Äänekoski,08:56:44,Tieliikenneonnettomuus
2024-06-10,Pyhtää,08:48:33,Palohälytys
2024-06-10,Turku,08:27:03,Öljy- tai ympäristöonnettomuus maalla
2024-06-10,Lappeenranta,08:25:21,Palohälytys
2024-06-10,Lappeenranta,08:24:14,Eläimen pelastaminen
2024-06-10,Virolahti,08:19:23,Palohälytys
2024-06-10,Turku,08:16:53,Öljy- tai ympäristöonnettomuus maalla
2024-06-10,Varkaus,08:04:59,Palohälytys
2024-06-10,Lapinjärvi,08:01:44,Eläimen pelastaminen
2024-06-10,Äänekoski,07:57:31,Palohälytys
2024-06-10,Vihti,07:49:28,Vahingontorjunta
2024-06-10,Ylivieska,07:40:41,Palohälytys
2024-06-10,Raisio,07:32:14,Vahingontorjunta
2024-06-10,Rovaniemi,07:25:27,Palohälytys
2024-06-10,Kristiinankaupunki,07:25:17,Palohälytys
2024-06-10,Pori,07:15:19,Palohälytys
2024-06-10,Turku,06:59:49,Palohälytys
2024-06-10,Kirkkonummi,06:50:07,Maastopalo
2024-06-10,Kemi,06:41:06,Palohälytys
2024-06-10,Lieto,06:19:23,Tieliikenneonnettomuus
2024-06-10,Helsinki,05:48:07,Rakennuspalo
2024-06-10,Helsinki,05:36:16,Palohälytys
2024-06-10,Joensuu,05:10:54,Tulipalo
2024-06-10,Pori,05:03:31,Palohälytys
2024-06-10,Espoo,04:38:58,Palohälytys
2024-06-10,Lohja,04:23:02,Eläimen pelastaminen
2024-06-10,Hämeenlinna,04:22:04,Palohälytys
2024-06-10,Kotka,04:15:57,Palohälytys
2024-06-10,Raasepori,04:05:50,Rakennuspalo
2024-06-10,Hämeenlinna,03:12:59,Palohälytys
2024-06-10,Pori,02:58:45,Tulipalo
2024-06-10,Turku,02:36:20,Tieliikenneonnettomuus
2024-06-10,Kouvola,02:23:24,Tieliikenneonnettomuus
2024-06-10,Lahti,02:10:30,Palohälytys
2024-06-10,Sastamala,02:10:29,Vahingontorjunta
2024-06-10,Raasepori,01:46:10,Palohälytys
2024-06-10,Helsinki,01:07:14,Ihmisen pelastaminen ylhäältä tai alhaalta
nki,17:31:27,Rakennuspalo
2024-06-10,Kotka,17:24:20,Palohälytys
2024-06-10,Eura,17:18:22,Vahingontorjunta
2024-06-10,Tohmajärvi,17:13:53,Palohälytys
2024-06-10,Keminmaa,17:12:12,Maastopalo
2024-06-10,Vihti,17:11:01,Liikennevälinepalo
2024-06-10,Joensuu,17:10:37,Tieliikenneonnettomuus
2024-06-10,Kuopio,17:07:53,Rakennuspalo
2024-06-10,Kuopio,17:07:53,Rakennuspalo
2024-06-10,Kurikka,17:05:36,Tieliikenneonnettomuus
2024-06-10,Oulainen,17:00:29,Maastopalo
2024-06-10,Kotka,16:56:11,Palohälytys
2024-06-10,Joensuu,16:53:15,Vahingontorjunta
2024-06-10,Tampere,16:49:55,Vahingontorjunta
2024-06-10,Helsinki,16:40:24,Vahingontorjunta
2024-06-10,Juva,16:35:56,Palohälytys
2024-06-10,Virrat,16:32:44,Vahingontorjunta
2024-06-10,Helsinki,16:31:02,Ihmisen pelastaminen vedestä
2024-06-10,Savonlinna,16:29:18,Tieliikenneonnettomuus
2024-06-10,Pieksämäki,16:26:57,Rakennuspalo
2024-06-10,Rauma,16:19:47,Vahingontorjunta
2024-06-10,Nurmijärvi,16:15:07,Eläimen pelastaminen
2024-06-10,Mikkeli,16:04:44,Liikennevälinepalo
2024-06-10,Seinäjoki,15:55:52,Palohälytys
2024-06-10,Sauvo,15:53:43,Vahingontorjunta
2024-06-10,Jyväskylä,15:51:17,Eläimen pelastaminen
2024-06-10,Helsinki,15:45:43,Tieliikenneonnettomuus
2024-06-10,Salo,15:41:58,Rakennuspalo
2024-06-10,Espoo,15:40:12,Palohälytys
2024-06-10,Ypäjä,15:39:38,Vahingontorjunta
2024-06-10,Ulvila,15:38:43,Rakennuspalo
2024-06-10,Ulvila,15:38:43,Rakennuspalo
2024-06-10,Lieto,15:35:18,Vahingontorjunta
2024-06-10,Lahti,15:33:48,Palohälytys
2024-06-10,Hämeenlinna,15:31:38,Vahingontorjunta
2024-06-10,Espoo,15:28:45,Öljy- tai ympäristöonnettomuus maalla
2024-06-10,Nokia,15:27:56,Vahingontorjunta
2024-06-10,Turku,15:20:46,Tieliikenneonnettomuus
2024-06-10,Viitasaari,15:17:25,Tieliikenneonnettomuus
2024-06-10,Jyväskylä,15:09:27,Öljy- tai ympäristöonnettomuus maalla
2024-06-10,Aura,15:08:39,Vahingontorjunta
2024-06-10,Vaasa,15:07:54,Rakennuspalo
2024-06-10,Veteli,15:07:09,Vahingontorjunta
2024-06-10,Hyvinkää,15:03:58,Savuhavainto
2024-06-10,Kuopio,15:03:34,Tieliikenneonnettomuus
2024-06-10,Espoo,14:58:27,Tieliikenneonnettomuus
2024-06-10,Heinola,14:55:46,Vahingontorjunta
2024-06-10,Lahti,14:55:33,Vahingontorjunta
2024-06-10,Liperi,14:51:47,Tieliikenneonnettomuus
2024-06-10,Lohja,14:49:32,Öljy- tai ympäristöonnettomuus maalla
2024-06-10,Pöytyä,14:48:36,Tieliikenneonnettomuus
2024-06-10,Espoo,14:34:33,Öljy- tai ympäristöonnettomuus maalla
2024-06-10,Laitila,14:31:40,Vahingontorjunta
2024-06-10,Turku,14:30:33,Vahingontorjunta
2024-06-10,Oulu,14:29:22,Palohälytys
2024-06-10,Hollola,14:25:07,Vahingontorjunta
2024-06-10,Espoo,14:22:30,Palohälytys
2024-06-10,Helsinki,14:19:32,Palohälytys
2024-06-10,Pälkäne,14:14:27,Tieliikenneonnettomuus
2024-06-10,Nurmijärvi,14:09:06,Palohälytys
2024-06-10,Kouvola,14:08:28,Eläimen pelastaminen
2024-06-10,Kuopio,14:08:16,Rakennuspalo
2024-06-10,Oulu,13:59:00,Palohälytys
2024-06-10,Savonlinna,13:55:40,Rakennuspalo
2024-06-10,Ähtäri,13:50:26,Vahingontorjunta
2024-06-10,Rovaniemi,13:47:12,Palohälytys
2024-06-10,Vantaa,13:43:08,Vahingontorjunta
2024-06-10,Pyhäjärvi,13:39:20,Palohälytys
2024-06-10,Kokemäki,13:34:51,Vahingontorjunta
2024-06-10,Lappeenranta,13:19:56,Palohälytys
2024-06-10,Helsinki,13:19:45,Liikennevälinepalo
2024-06-10,Tornio,13:17:55,Tulipalo
2024-06-10,Helsinki,13:17:15,Palohälytys
2024-06-10,Kuopio,13:09:07,Palohälytys
2024-06-10,Kemiönsaari,12:56:21,Tieliikenneonnettomuus
2024-06-10,Helsinki,12:50:30,Palohälytys
2024-06-10,Pori,12:47:39,Eläimen pelastaminen
2024-06-10,Hankasalmi,12:46:33,Tulipalo
2024-06-10,Rääkkylä,12:43:58,Vahingontorjunta
2024-06-10,Lappeenranta,12:42:50,Vahingontorjunta
2024-06-10,Espoo,12:40:18,Öljy- tai ympäristöonnettomuus maalla
2024-06-10,Kustavi,12:34:57,Vahingontorjunta
2024-06-10,Espoo,12:32:06,Rakennuspalo
2024-06-10,Kauhajoki,12:22:09,Palohälytys
2024-06-10,Helsinki,12:17:39,Rakennuspalo
2024-06-10,Laitila,12:07:04,Palohälytys
2024-06-10,Espoo,12:01:09,Ihmisen pelastaminen ylhäältä tai alhaalta
2024-06-10,Lahti,11:58:39,Vahingontorjunta
2024-06-10,Helsinki,11:58:12,Palohälytys
2024-06-10,Kuopio,11:56:22,Palohälytys
2024-06-10,Raasepori,11:52:06,Vahingontorjunta
2024-06-10,Riihimäki,11:44:52,Eläimen pelastaminen
2024-06-10,Oulu,11:34:39,Palohälytys
2024-06-10,Tampere,11:29:22,Vahingontorjunta
2024-06-10,Rovaniemi,11:29:14,Palohälytys
2024-06-10,Salo,11:25:54,Vahingontorjunta
2024-06-10,Kontiolahti,11:23:58,Vahingontorjunta
2024-06-10,Joensuu,11:20:37,Vahingontorjunta
2024-06-10,Oulu,11:19:48,Maastopalo
2024-06-10,Helsinki,11:15:26,Palohälytys
2024-06-10,Kirkkonummi,11:15:06,Rakennuspalo
2024-06-10,Lahti,11:13:22,Eläimen pelastaminen
2024-06-10,Lempäälä,11:11:34,Eläimen pelastaminen
2024-06-10,Kaavi,11:07:41,Vahingontorjunta
2024-06-10,Polvijärvi,11:05:08,Vahingontorjunta
2024-06-10,Vaasa,10:51:04,Rakennuspalo
2024-06-10,Helsinki,10:50:33,Eläimen pelastaminen
2024-06-10,Helsinki,10:50:31,Palohälytys
2024-06-10,Lahti,10:48:08,Öljy- tai ympäristöonnettomuus maalla
2024-06-10,Kuopio,10:47:26,Palohälytys
2024-06-10,Pirkkala,10:43:23,Palohälytys
2024-06-10,Turku,10:29:43,Palohälytys
2024-06-10,Luumäki,10:27:25,Vahingontorjunta
2024-06-10,Kauhajoki,10:21:54,Palohälytys
2024-06-10,Porvoo,10:19:04,Vahingontorjunta
2024-06-10,Kerava,10:13:54,Palohälytys
2024-06-10,Helsinki,10:13:47,Tieliikenneonnettomuus
2024-06-10,Helsinki,10:12:38,Maastopalo
2024-06-10,Oulu,10:11:29,Öljy- tai ympäristöonnettomuus maalla
2024-06-10,Ilomantsi,10:07:58,Palohälytys
2024-06-10,Järvenpää,10:00:32,Rakennuspalo
2024-06-10,Rovaniemi,10:00:07,Palohälytys
2024-06-10,Oulu,09:54:21,Palohälytys
2024-06-10,Espoo,09:51:13,Palohälytys
2024-06-10,Helsinki,09:47:08,Palohälytys
2024-06-10,Pielavesi,09:42:47,Maastopalo
2024-06-10,Helsinki,09:42:16,Eläimen pelastaminen
2024-06-10,Helsinki,09:38:20,Öljy- tai ympäristöonnettomuus maalla
2024-06-10,Parainen,09:35:13,Palohälytys
2024-06-10,Isokyrö,09:20:43,Palohälytys
2024-06-10,Espoo,09:20:31,Palohälytys
2024-06-10,Janakkala,09:19:33,Vaarallisen aineen onnettomuus
2024-06-10,Järvenpää,09:10:32,Vahingontorjunta
2024-06-10,Jyväskylä,09:09:43,Palohälytys
2024-06-10,Tampere,09:02:00,Palohälytys
2024-06-10,Rauma,08:59:26,Rakennuspalo
2024-06-10,Helsinki,08:57:39,Palohälytys
2024-06-10,Äänekoski,08:56:44,Tieliikenneonnettomuus
2024-06-10,Pyhtää,08:48:33,Palohälytys
2024-06-10,Turku,08:27:03,Öljy- tai ympäristöonnettomuus maalla
2024-06-10,Lappeenranta,08:25:21,Palohälytys
2024-06-10,Lappeenranta,08:24:14,Eläimen pelastaminen
2024-06-10,Virolahti,08:19:23,Palohälytys
2024-06-10,Turku,08:16:53,Öljy- tai ympäristöonnettomuus maalla
2024-06-10,Varkaus,08:04:59,Palohälytys
2024-06-10,Lapinjärvi,08:01:44,Eläimen pelastaminen
2024-06-10,Äänekoski,07:57:31,Palohälytys
2024-06-10,Vihti,07:49:28,Vahingontorjunta
2024-06-10,Ylivieska,07:40:41,Palohälytys
2024-06-10,Raisio,07:32:14,Vahingontorjunta
2024-06-10,Rovaniemi,07:25:27,Palohälytys
2024-06-10,Kristiinankaupunki,07:25:17,Palohälytys
2024-06-10,Pori,07:15:19,Palohälytys
2024-06-10,Turku,06:59:49,Palohälytys
2024-06-10,Kirkkonummi,06:50:07,Maastopalo
2024-06-10,Kemi,06:41:06,Palohälytys
2024-06-10,Lieto,06:19:23,Tieliikenneonnettomuus
2024-06-10,Helsinki,05:48:07,Rakennuspalo
2024-06-10,Helsinki,05:36:16,Palohälytys
2024-06-10,Joensuu,05:10:54,Tulipalo
2024-06-10,Pori,05:03:31,Palohälytys
2024-06-10,Espoo,04:38:58,Palohälytys
2024-06-10,Lohja,04:23:02,Eläimen pelastaminen
2024-06-10,Hämeenlinna,04:22:04,Palohälytys
2024-06-10,Kotka,04:15:57,Palohälytys
2024-06-10,Raasepori,04:05:50,Rakennuspalo
2024-06-10,Hämeenlinna,03:12:59,Palohälytys
2024-06-10,Pori,02:58:45,Tulipalo
2024-06-10,Turku,02:36:20,Tieliikenneonnettomuus
2024-06-10,Kouvola,02:23:24,Tieliikenneonnettomuus
2024-06-10,Lahti,02:10:30,Palohälytys
2024-06-10,Sastamala,02:10:29,Vahingontorjunta
2024-06-10,Raasepori,01:46:10,Palohälytys
2024-06-10,Helsinki,01:07:14,Ihmisen pelastaminen ylhäältä tai alhaalta
